Index,KernelName,gpu-id,queue-id,queue-index,pid,tid,grd,wgr,lds,scr,arch_vgpr,accum_vgpr,sgpr,wave_size,sig,obj,FETCH_SIZE
0,"__amd_rocclr_fillBufferAligned.kd",1,0,0,4395,4395,77824,256,0,0,12,4,48,64,0x0,0x7600d6e9b580,33.0000000000
1,"__amd_rocclr_fillBufferAligned.kd",1,0,2,4395,4395,256,256,0,0,12,4,48,64,0x0,0x7600d6e9b580,6.7500000000
2,"__amd_rocclr_fillBufferAligned.kd",1,0,3,4395,4395,256,256,0,0,12,4,48,64,0x0,0x7600d6e9b580,3.6250000000
3,"__amd_rocclr_copyBuffer.kd",1,0,4,4395,4395,512,512,0,0,16,0,32,64,0x7600d5ffef80,0x7600d6e9b600,5.7500000000
4,"__amd_rocclr_fillBufferAligned.kd",1,0,5,4395,4395,13568,256,0,0,12,4,48,64,0x0,0x7600d6e9b580,33.0000000000
5,"__amd_rocclr_fillBufferAligned.kd",1,0,6,4395,4395,256,256,0,0,12,4,48,64,0x0,0x7600d6e9b580,4.5000000000
6,"__amd_rocclr_fillBufferAligned.kd",1,0,8,4395,4395,1024,256,0,0,12,4,48,64,0x0,0x7600d6e9b580,18.0000000000
7,"__amd_rocclr_fillBufferAligned.kd",1,0,9,4395,4395,8192,256,0,0,12,4,48,64,0x0,0x7600d6e9b580,29.5000000000
8,"__amd_rocclr_fillBufferAligned.kd",1,0,10,4395,4395,8192,256,0,0,12,4,48,64,0x0,0x7600d6e9b580,33.0000000000
9,"__amd_rocclr_fillBufferAligned.kd",1,0,11,4395,4395,256,256,0,0,12,4,48,64,0x0,0x7600d6e9b580,4.8750000000
10,"__amd_rocclr_fillBufferAligned.kd",1,0,12,4395,4395,256,256,0,0,12,4,48,64,0x0,0x7600d6e9b580,6.7500000000
11,"__amd_rocclr_fillBufferAligned.kd",1,0,13,4395,4395,256,256,0,0,12,4,48,64,0x0,0x7600d6e9b580,4.6250000000
12,"__amd_rocclr_copyBuffer.kd",1,0,14,4395,4395,512,512,0,0,16,0,32,64,0x7600d5ffee00,0x7600d6e9b600,6.5000000000
13,"__amd_rocclr_fillBufferAligned.kd",1,0,15,4395,4395,256,256,0,0,12,4,48,64,0x0,0x7600d6e9b580,6.7500000000
14,"__amd_rocclr_fillBufferAligned.kd",1,0,16,4395,4395,256,256,0,0,12,4,48,64,0x0,0x7600d6e9b580,4.2500000000
15,"__amd_rocclr_fillBufferAligned.kd",1,0,17,4395,4395,256,256,0,0,12,4,48,64,0x0,0x7600d6e9b580,6.7500000000
16,"__amd_rocclr_fillBufferAligned.kd",1,0,18,4395,4395,256,256,0,0,12,4,48,64,0x0,0x7600d6e9b580,4.8750000000
17,"__amd_rocclr_fillBufferAligned.kd",1,0,21,4395,4395,256,256,0,0,12,4,48,64,0x0,0x7600d6e9b580,6.7500000000
18,"__amd_rocclr_fillBufferAligned.kd",1,0,22,4395,4395,256,256,0,0,12,4,48,64,0x0,0x7600d6e9b580,3.6250000000
19,"__amd_rocclr_copyBuffer.kd",1,0,23,4395,4395,512,512,0,0,16,0,32,64,0x7600d5ffd180,0x7600d6e9b600,6.3750000000
20,"__amd_rocclr_fillBufferAligned.kd",1,0,24,4395,4395,256,256,0,0,12,4,48,64,0x0,0x7600d6e9b580,4.0000000000
21,"__amd_rocclr_fillBufferAligned.kd",1,0,25,4395,4395,256,256,0,0,12,4,48,64,0x0,0x7600d6e9b580,6.7500000000
22,"__amd_rocclr_copyBuffer.kd",1,0,26,4395,4395,512,512,0,0,16,0,32,64,0x7600d5fff100,0x7600d6e9b600,4.1250000000
23,"__amd_rocclr_fillBufferAligned.kd",1,0,27,4395,4395,256,256,0,0,12,4,48,64,0x0,0x7600d6e9b580,6.7500000000
24,"__amd_rocclr_fillBufferAligned.kd",1,0,28,4395,4395,256,256,0,0,12,4,48,64,0x0,0x7600d6e9b580,4.5000000000
25,"__amd_rocclr_copyBuffer.kd",1,0,29,4395,4395,512,512,0,0,16,0,32,64,0x7600d5fff080,0x7600d6e9b600,6.3750000000
26,"__amd_rocclr_fillBufferAligned.kd",1,0,30,4395,4395,256,256,0,0,12,4,48,64,0x0,0x7600d6e9b580,4.6250000000
27,"__amd_rocclr_fillBufferAligned.kd",1,0,31,4395,4395,256,256,0,0,12,4,48,64,0x0,0x7600d6e9b580,6.7500000000
28,"__amd_rocclr_copyBuffer.kd",1,0,32,4395,4395,512,512,0,0,16,0,32,64,0x7600d5ffc980,0x7600d6e9b600,4.0000000000
29,"__amd_rocclr_fillBufferAligned.kd",1,0,33,4395,4395,256,256,0,0,12,4,48,64,0x0,0x7600d6e9b580,6.7500000000
30,"__amd_rocclr_fillBufferAligned.kd",1,0,34,4395,4395,256,256,0,0,12,4,48,64,0x0,0x7600d6e9b580,3.6250000000
31,"__amd_rocclr_copyBuffer.kd",1,0,35,4395,4395,512,512,0,0,16,0,32,64,0x7600d5ffc900,0x7600d6e9b600,6.3750000000
32,"__amd_rocclr_fillBufferAligned.kd",1,0,36,4395,4395,256,256,0,0,12,4,48,64,0x0,0x7600d6e9b580,6.7500000000
33,"__amd_rocclr_fillBufferAligned.kd",1,0,37,4395,4395,256,256,0,0,12,4,48,64,0x0,0x7600d6e9b580,6.7500000000
34,"__amd_rocclr_copyBuffer.kd",1,0,38,4395,4395,512,512,0,0,16,0,32,64,0x7600d5ffef00,0x7600d6e9b600,4.2500000000
35,"__amd_rocclr_fillBufferAligned.kd",1,0,39,4395,4395,256,256,0,0,12,4,48,64,0x0,0x7600d6e9b580,6.7500000000
36,"__amd_rocclr_fillBufferAligned.kd",1,0,40,4395,4395,256,256,0,0,12,4,48,64,0x0,0x7600d6e9b580,3.6250000000
37,"__amd_rocclr_copyBuffer.kd",1,0,41,4395,4395,512,512,0,0,16,0,32,64,0x7600d5ffca80,0x7600d6e9b600,6.3750000000
38,"__amd_rocclr_fillBufferAligned.kd",1,0,42,4395,4395,256,256,0,0,12,4,48,64,0x0,0x7600d6e9b580,4.6250000000
39,"__amd_rocclr_fillBufferAligned.kd",1,0,43,4395,4395,256,256,0,0,12,4,48,64,0x0,0x7600d6e9b580,6.7500000000
40,"__amd_rocclr_copyBuffer.kd",1,0,44,4395,4395,512,512,0,0,16,0,32,64,0x7600d5ffca00,0x7600d6e9b600,4.0000000000
41,"__amd_rocclr_fillBufferAligned.kd",1,0,45,4395,4395,256,256,0,0,12,4,48,64,0x0,0x7600d6e9b580,6.7500000000
42,"__amd_rocclr_fillBufferAligned.kd",1,0,46,4395,4395,256,256,0,0,12,4,48,64,0x0,0x7600d6e9b580,3.6250000000
43,"__amd_rocclr_copyBuffer.kd",1,0,47,4395,4395,512,512,0,0,16,0,32,64,0x7600d5ffed80,0x7600d6e9b600,6.3750000000
44,"__amd_rocclr_fillBufferAligned.kd",1,0,48,4395,4395,256,256,0,0,12,4,48,64,0x0,0x7600d6e9b580,6.7500000000
45,"__amd_rocclr_fillBufferAligned.kd",1,0,49,4395,4395,256,256,0,0,12,4,48,64,0x0,0x7600d6e9b580,6.7500000000
46,"__amd_rocclr_copyBuffer.kd",1,0,50,4395,4395,512,512,0,0,16,0,32,64,0x7600d5ffcb80,0x7600d6e9b600,4.3750000000
47,"__amd_rocclr_fillBufferAligned.kd",1,0,51,4395,4395,512,256,0,0,12,4,48,64,0x0,0x7600d6e9b580,10.5000000000
48,"__amd_rocclr_fillBufferAligned.kd",1,0,52,4395,4395,512,256,0,0,12,4,48,64,0x0,0x7600d6e9b580,8.1250000000
49,"__amd_rocclr_fillBufferAligned.kd",1,0,53,4395,4395,4096,256,0,0,12,4,48,64,0x0,0x7600d6e9b580,33.0000000000
50,"__amd_rocclr_fillBufferAligned.kd",1,0,54,4395,4395,768,256,0,0,12,4,48,64,0x0,0x7600d6e9b580,10.8750000000
51,"__amd_rocclr_fillBufferAligned.kd",1,0,55,4395,4395,1280,256,0,0,12,4,48,64,0x0,0x7600d6e9b580,21.7500000000
52,"__amd_rocclr_fillBufferAligned.kd",1,0,56,4395,4395,33024,256,0,0,12,4,48,64,0x0,0x7600d6e9b580,29.3750000000
53,"__amd_rocclr_fillBufferAligned.kd",1,0,57,4395,4395,512,256,0,0,12,4,48,64,0x0,0x7600d6e9b580,10.5000000000
54,"__amd_rocclr_fillBufferAligned.kd",1,0,58,4395,4395,2816,256,0,0,12,4,48,64,0x0,0x7600d6e9b580,31.0000000000
55,"__amd_rocclr_fillBufferAligned.kd",1,0,59,4395,4395,4096,256,0,0,12,4,48,64,0x0,0x7600d6e9b580,33.0000000000
56,"__amd_rocclr_fillBufferAligned.kd",1,0,60,4395,4395,4096,256,0,0,12,4,48,64,0x0,0x7600d6e9b580,33.0000000000
57,"__amd_rocclr_fillBufferAligned.kd",1,0,61,4395,4395,25600,256,0,0,12,4,48,64,0x0,0x7600d6e9b580,29.0000000000
58,"__amd_rocclr_fillBufferAligned.kd",1,0,62,4395,4395,256,256,0,0,12,4,48,64,0x0,0x7600d6e9b580,6.7500000000
59,"__amd_rocclr_fillBufferAligned.kd",1,0,63,4395,4395,256,256,0,0,12,4,48,64,0x0,0x7600d6e9b580,4.7500000000
60,"__amd_rocclr_fillBufferAligned.kd",1,0,64,4395,4395,256,256,0,0,12,4,48,64,0x0,0x7600d6e9b580,6.7500000000
61,"__amd_rocclr_fillBufferAligned.kd",1,0,65,4395,4395,256,256,0,0,12,4,48,64,0x0,0x7600d6e9b580,4.2500000000
62,"__amd_rocclr_fillBufferAligned.kd",1,0,66,4395,4395,256,256,0,0,12,4,48,64,0x0,0x7600d6e9b580,6.7500000000
63,"__amd_rocclr_fillBufferAligned.kd",1,0,67,4395,4395,13824,256,0,0,12,4,48,64,0x0,0x7600d6e9b580,31.0000000000
64,"__amd_rocclr_fillBufferAligned.kd",1,0,68,4395,4395,16640,256,0,0,12,4,48,64,0x0,0x7600d6e9b580,33.0000000000
65,"__amd_rocclr_fillBufferAligned.kd",1,0,70,4395,4395,16640,256,0,0,12,4,48,64,0x0,0x7600d6e9b580,33.0000000000
66,"__amd_rocclr_fillBufferAligned.kd",1,0,73,4395,4395,256,256,0,0,12,4,48,64,0x0,0x7600d6e9b580,6.7500000000
67,"fleet_probe_xcc(unsigned int*) [clone .kd]",1,1,1,4395,4395,77824,256,0,0,4,4,16,64,0x0,0x7600d6b40b00,24.7500000000
68,"__amd_rocclr_copyBuffer.kd",1,0,75,4395,4395,512,512,0,0,16,0,32,64,0x7600d5ffc580,0x7600d6e9b600,6.2500000000
69,"__amd_rocclr_copyBuffer.kd",1,0,77,4395,4395,512,512,0,0,16,0,32,64,0x7600d5ffc480,0x7600d6e9b600,6.2500000000
70,"__amd_rocclr_fillBufferAligned.kd",1,0,78,4395,4395,256,256,0,0,12,4,48,64,0x0,0x7600d6e9b580,8.8750000000
71,"__amd_rocclr_fillBufferAligned.kd",1,1,4,4395,4395,256,256,0,0,12,4,48,64,0x0,0x7600d6e9b580,6.6250000000
72,"fleet_decode_step.kd",1,2,0,4395,4395,77824,256,25600,48,128,216,112,64,0x0,0x7600d6b40ac0,20805896.0000000000
73,"__amd_rocclr_copyBuffer.kd",1,0,80,4395,4395,1024,1024,0,0,16,0,32,64,0x7600d5ffc380,0x7600d6e9b600,6.2500000000
74,"__amd_rocclr_copyBuffer.kd",1,0,81,4395,4395,512,512,0,0,16,0,32,64,0x7600d5ffc300,0x7600d6e9b600,6.2500000000
75,"__amd_rocclr_copyBuffer.kd",1,0,82,4395,4395,512,512,0,0,16,0,32,64,0x7600d5ffc280,0x7600d6e9b600,4.6250000000
